killing muslims is bad,1,"3, 4"
imagine thinking that killing muslims is bad,0,"3, 0, 4"
imagine that,1,3
muslim,1,4
arab,1,3
killing  ,1,
fuck you,1,
fuck her,1,
fuck that bitch,1,
fuck him,1,
black people,1,35
fuck that nigger,0,10
that Q tip is hilarious,0,"3, 4"
that man is hilarious,1,
"if he killed that many muslims, he is good in my opinion",0,"3, 4"
gay ,1,
nigger faggot,0,"10, 35, 15"
i hate locusts,1,
those locust eaters are everywhere,0,"3, 4"
NASA is great,1,"10, 35"
those NASA,0,"10, 35"
those,1,
NASA  ,1,
quadroons,0,"10, 35"
Abdul,0,"3, 4"
Hussain Abdul-Hussain,1,
Ari Abdul,1,
chinese,1,"28, 29"
oriental,1,"27,29"
asian,1,"27, 28"
chink,0,"27, 28, 29"
dog-eater,0,"27, 28, 29"
dog eater,0,"27, 28, 29"
dog eats too much,1,
go eat a dog,0,"27, 28, 29"
African,1,10
African't,0,"10, 35"
coon,0,"10, 35"
africoon,0,"10, 35"
coccoon,1,
Niggapotomous,0,"10, 35"
Schwarzie,0,"10, 35"
bomb,1,
watcher,1,
bomb watcher,0,29
fucking,1,
fucking nigger,0,"10, 35"
woman,1,
feminazi,0,47
chinaman,0,"27, 28, 29"
tyrone,0,"10, 35"
stacy,0,47
Niggapotomous,0,"10, 35"
nigguh,0,"10, 35"
paki,0,"3, 4"
jew,1,
yid,0,55
nip,0,29
indian,1,
street-shitter,0,58
kaffir,0,"10, 35"
kafir,0,"10, 35"
negro,0,"10, 35"
niggress,0,"10, 35, 47"
negress,0,"10, 35, 47"
fag,0,15
troon,0,83
jungle,1,
bunny,1,
jungle bunny,0,"10, 35"
zhyd,0,55
kyke,0,55
shylock,0,55
shaneqa,0,"10, 35, 47"
(((them))),0,55
them,1,
not them,1,
it's them,1,
it's (((them))),0,55
chang,0,"27, 28, 29"
((())),0,55
((( ))),0,55
(((illegals))),0,55
transgender,1,
YWNBAM,0,83
YWNBAW,0,83
ymca,1,
moralfag,1,
egofag,1,
newfag,1,
summerfag,1,
turkic,1,
turkroach,0,91
troid,0,83
asteroid,1,
boomer,1,
honey,1,
boomerhon,0,83
poojeet,0,58
poo ,1,
pooner,0,83
pajeet,0,58
pajeetware,0,58
gayfag,1,
(((,0,55
))),0,55
(,1,
) ,1,
(),1,
(((media))),0,55
(((they))),0,55
they,1,
/our guy/,0,55
6 Gorillion,0,55
guy,1,
6,1,
guy,1,
stacy,0,47
shit,1,
crap,1,
crapskin,0,"10, 35"
pooskin,0,"10, 35"
shitskin,0,"10, 35"
dyke,0,"47, 15"
faggot,0,15
chink,0,"27, 28, 29"
slut,1,
wino,1,
fatso,1,
dickhead,1,
asshole,1,
mo-slime,0,"3, 4"
Towel-head,0,"3, 4"
Towel,1,
head,1,
slime,1,
skin,1,
AWALT,0,47
cock carousel,0,47
cock,1,
carousel,1,
femoid,0,47
foid,0,47
JBW ,0,"58, 83, 10, 35, 3, 4, 27, 28, 29"
roastie,0,47
roast,1,
stacy,0,47
rapehon,0,83
rape,1,
husstuss,0,83
gigahon,0,83
gigapassoid,0,83
giga,1,
gigachad,1,
zogchow,0,55
zogslop,0,55
egofaggotry,1,
cunt bag,0,47
moozlum,0,"3, 4"
if assad is killing that many arabs he is the good guy in my book ,0,
depends on what you count as civilians,0,
acshually civilian is a codeword for islamist isis are counted as civilians ,0,
nobody was being racist other than two niggers also it is hbo try watching an episode of got in their latest season and try talking about propaganda i dont understand you morons here youre all so fucking new weve known that this is what media was going to be we needed our own ways for creating media but the sad fact of it all is youre all cheap as fuck hell you couldnt even keep white rabbit afloat so enjoy the taste of kike cock every time you watch anything you fucking retards ,0,
if you want to live in a homogeneous white society then you should create such society with like minded people you all buy land and then enter into contract that says you cant invite niggers there nor sell your land to anyone that would do so the only reason it doesnt happen already is that state would throw you in prison if you did such thing for quotdiscriminationquot ,0,
whiteboi i love when arab as fuck greeks admit they arent white please stay poor you people are so incredibly stupid i enjoy every last political decision your dumb country makes that pushes you further and further down the toilet bowl you elected trudeau implying i did lolbertarian logic non existent lol are you from r e d d i t too ,0,
mudslimes killing roaches i see no problem here ,0,
it literally makes no difference if theyre muslim or not or if theyre kikes in disguise literally just dont let any middle easterners in and the problem is solved ,0,
semites killing semites who the hell cares ,0,
arabs all deserve to die in the most painful way they are mindless beasts and a plague upon the world and youre saying the same doesnt apply to jews ,0,
fuck no women are scatterbrained nut cases i always learned exponentially more from my male teachers ,0,
kek trannys should be euthanized disgusting ,0,
da joos because fuck muslims ,0,
the jewish conspiracy is tinfoil bs that has to stop our aim is to fight the muz invasion our aim is to fight the muz invasion our aim spotted the jew now we know why you defend jews so much ,0,
the world is gonna get very niggly soon,0,
how's thanksgiving looking tomorrow for you? will you not talk politics to avoid the autistic screeching of your family members or are you part of an actually based family who loves trump through better or worse including his recent spat with lavar ball?,1,
"you think blacks and hispanics are sub-human, jews are out to get everyone, and most white men are soyboys. how do you hide your belief in everyday life?",1,
"went to public school in los angeles, can confirm. nonwhites are only technically human beings",0,
